dataset,DecisionTree,SVM,KNN,LogisticRegression,Perceptron,MLP,time_seconds
labor,0.8590909090909091,0.9121212121212121,0.8590909090909091,0.8939393939393939,0.8227272727272729,0.9106060606060605,3.44
balance-scale,0.7696,0.9040000000000001,0.8304,0.8704000000000001,0.8672000000000001,0.9792,4.19
breast-cancer,0.6293405928614639,0.7691470054446461,0.730550514216576,0.7271022383545069,0.6226860254083485,0.7096793708408953,2.83
breast-w,0.935611510791367,0.9656526207605344,0.9670709146968139,0.9656628982528263,0.9613874614594039,0.9642446043165467,2.67
cmc,0.49218263576617083,0.5512394788423844,0.4888158653291826,0.5138821630347055,0.4398846996425688,0.524784964833391,14.21
colic,0.8205849685301739,0.847871158830063,0.8071455016660496,0.8069233617178823,0.7637911884487227,0.8098111810440578,2.32
credit-approval,0.7985507246376812,0.8608695652173914,0.8594202898550725,0.8594202898550725,0.7971014492753623,0.8376811594202899,7.01
credit-g,0.6970000000000001,0.7390000000000001,0.718,0.714,0.583,0.7329999999999999,8.1
dermatology,0.9398000740466493,0.9726397630507219,0.9589781562384301,0.9671603109959275,0.9617178822658274,0.9699000370233246,1.59
diabetes,0.7004329004329005,0.7616840675664205,0.7278244631185808,0.7746965452847806,0.7005347593582888,0.7460741872506579,3.38
sonar,0.7116144018583043,0.8413472706155632,0.8219512195121951,0.7836236933797908,0.7400696864111498,0.8562137049941928,1.06
tae,0.6098924731182797,0.5423655913978495,0.5027956989247313,0.5356989247311829,0.46215053763440855,0.5298924731182796,2.0
heart-c,0.7258469945355192,0.8216939890710382,0.811639344262295,0.8415846994535517,0.7787978142076503,0.7919672131147542,3.27
tic-tac-toe,0.8778795811518325,0.8883180628272251,0.8517888307155325,0.6742910122164049,0.5866655759162304,0.9478075916230366,7.1
heart-h,0.7450613676212742,0.8196960841613091,0.8061367621274108,0.8264757451782583,0.7859146697837522,0.7924605493863238,3.4
heart-statlog,0.7222222222222221,0.8296296296296297,0.8037037037037036,0.837037037037037,0.8222222222222222,0.8037037037037038,2.76
vehicle,0.693880960668291,0.7447058823529412,0.7175147928994083,0.7884441350504698,0.7294048033414549,0.8321336581970066,9.26
hepatitis,0.767741935483871,0.832258064516129,0.832258064516129,0.832258064516129,0.8064516129032258,0.8516129032258064,0.99
vote,0.9241379310344829,0.9632183908045977,0.9310344827586207,0.9586206896551722,0.9494252873563218,0.9540229885057471,1.81
ionosphere,0.8974245472837021,0.9401207243460764,0.8404024144869215,0.8859154929577464,0.8631388329979879,0.9171830985915493,2.26
molecular-biology_promoters,0.7454545454545455,0.84025974025974,0.8207792207792208,0.7735930735930735,0.7735930735930735,0.8025974025974026,0.75
baseball,0.9164179104477611,0.9365671641791045,0.9305970149253732,0.9350746268656718,0.9186567164179105,0.923134328358209,11.95
wine,0.8988888888888888,0.9833333333333332,0.9717460317460318,0.9833333333333332,0.9722222222222221,0.9776190476190475,0.88
eucalyptus,0.6182110682110682,0.6535668321382608,0.5395017466446037,0.653520867806582,0.5109303180731752,0.6087516087516087,8.21
vowel,0.7979797979797979,0.9363636363636363,0.9070707070707069,0.6636363636363637,0.4242424242424242,0.9797979797979799,102.57
oil_spill,0.9498236431903516,0.9701217430879507,0.9626521788599385,0.9636989418591421,0.9530492661281146,0.9669074980088747,3.49
hayes-roth,0.79375,0.775,0.5,0.525,0.49375,0.725,1.34
monks-problems-1,0.9802123552123552,0.8957046332046332,0.8922779922779922,0.6636422136422137,0.6133848133848134,1.0,2.1
monks-problems-2,0.9916666666666666,0.7154820936639119,0.8634435261707989,0.6406060606060606,0.580564738292011,0.9433884297520662,4.57
monks-problems-3,0.9692874692874692,0.9638984438984439,0.9549058149058149,0.7544471744471745,0.758050778050778,0.9873546273546273,1.98
SPECT,0.7527603074772886,0.8389238294898673,0.7678546470999301,0.8165618448637317,0.794199860237596,0.8165618448637317,1.24
SPECTF,0.8481987577639751,0.8252587991718426,0.7477018633540373,0.8195031055900621,0.7792546583850932,0.8910973084886129,1.97
grub-damage,0.4,0.5290322580645161,0.5290322580645161,0.5483870967741935,0.4580645161290323,0.5032258064516129,1.63
pasture,0.8035714285714285,0.5249999999999999,0.6071428571428571,0.6357142857142857,0.6071428571428571,0.6392857142857142,0.49
aids,0.58,0.52,0.48,0.6399999999999999,0.5599999999999999,0.44000000000000006,1.09
prnn_crabs,0.915,0.9650000000000001,0.9349999999999999,0.985,0.9400000000000001,0.9949999999999999,0.91
analcatdata_lawsuit,0.9810595065312047,0.9621915820029028,0.9584179970972423,0.9584179970972423,0.9582728592162555,0.9621915820029028,0.87
analcatdata_broadwaymult,0.44210526315789467,0.4385964912280701,0.4175438596491228,0.3824561403508772,0.3017543859649123,0.48421052631578937,3.05
analcatdata_halloffame,0.9164179104477611,0.9365671641791045,0.9305970149253732,0.9350746268656718,0.9186567164179105,0.923134328358209,8.55
cars,0.8200843119542306,0.7463414634146341,0.7414031918096958,0.7438422161999398,0.7708220415537488,0.7980728696175851,3.37
analcatdata_authorship,0.9369540715694562,0.9964285714285716,0.9940546632854325,0.9976190476190476,0.9904902789518175,0.994047619047619,1.29
analcatdata_creditscore,0.97,0.8,0.8,0.8299999999999998,0.8600000000000001,0.8700000000000001,1.07
backache,0.7611111111111111,0.8555555555555557,0.85,0.8055555555555557,0.7666666666666667,0.7722222222222221,0.8
analcatdata_cyyoung8092,0.7405263157894737,0.7621052631578947,0.7310526315789474,0.8647368421052631,0.7942105263157895,0.781578947368421,1.13
schizo,0.8294117647058824,0.6058823529411764,0.6235294117647059,0.5705882352941176,0.5294117647058825,0.5823529411764705,3.06
analcatdata_japansolvent,0.7109090909090909,0.8854545454545455,0.7709090909090909,0.8272727272727272,0.7690909090909089,0.8272727272727272,0.79
analcatdata_dmft,0.17069182389937104,0.22461477987421383,0.17943396226415093,0.2220754716981132,0.17058176100628933,0.21829402515723267,4.8
profb,0.6103150912106136,0.6800884466556107,0.6190491984521834,0.6801216141514649,0.6041348811498065,0.623526810392482,4.96
analcatdata_germangss,0.3375,0.20749999999999996,0.2225,0.35750000000000004,0.2975,0.2875,3.26
analcatdata_bankruptcy,0.86,0.7799999999999999,0.7799999999999999,0.86,0.86,0.86,0.85
analcatdata_cyyoung9302,0.8584795321637427,0.8479532163742689,0.8584795321637427,0.8695906432748538,0.8146198830409357,0.8380116959064328,1.19
biomed,0.8754936120789779,0.8948896631823461,0.8807200929152149,0.8804878048780488,0.8563298490127759,0.9186991869918699,1.45
sleuth_ex2016,0.6444444444444445,0.7705882352941176,0.6915032679738562,0.7477124183006536,0.7241830065359477,0.8045751633986928,0.85
sleuth_ex2015,0.6,0.7500000000000001,0.6666666666666666,0.7166666666666667,0.75,0.6166666666666666,1.15
diggle_table_a2,0.9967741935483871,0.9290322580645162,0.9774193548387096,0.8709677419354838,0.5935483870967742,0.9870967741935484,3.15
fruitfly,0.048,0.016,0.008,0.048,0.008,0.024,2.11
machine_cpu,0.052497096399535426,0.02868757259001161,0.02392566782810685,0.043089430894308944,0.03844367015098722,0.05272938443670151,4.77
sleep,0.7269230769230769,0.7564102564102565,0.7243589743589743,0.6602564102564102,0.514102564102564,0.6628205128205128,1.18
servo,0.9336898395721924,0.9518716577540106,0.9518716577540107,0.9459893048128342,0.9459893048128343,0.9579322638146168,0.82
analcatdata_wildcat,0.41685606060606056,0.4787878787878788,0.4660984848484849,0.4727272727272728,0.42973484848484844,0.4727272727272728,1.84
wisconsin,0.010256410256410256,0.020647773279352227,0.03076923076923077,0.03090418353576248,0.020512820512820513,0.015384615384615385,2.7
strikes,0.020800000000000003,0.035199999999999995,0.036800000000000006,0.030400000000000003,0.0128,0.020800000000000003,28.52
cleveland,0.5116393442622951,0.5843715846994535,0.5710382513661202,0.5906557377049181,0.5873224043715848,0.5773770491803278,3.43
cpu,0.2965156794425087,0.12415795586527292,0.11475029036004644,0.16248548199767712,0.052380952380952375,0.23449477351916376,4.29
cholesterol,0.003333333333333333,0.023060109289617485,0.013224043715846994,0.003278688524590164,0.003333333333333333,0.009890710382513662,9.36
pbcseq,0.9532133676092546,0.9012853470437019,0.8406169665809768,0.8946015424164525,0.8622107969151671,0.9465295629820052,6.45
analcatdata_runshoes,0.19999999999999998,0.38333333333333336,0.35,0.35,0.3,0.33333333333333337,1.05
breastTumor,0.12601330913490622,0.16079854809437386,0.14688445251058682,0.1749546279491833,0.1366001209921355,0.15045372050816694,3.67
analcatdata_gsssexsurvey,0.6227822580645161,0.7733870967741936,0.7610887096774194,0.7487903225806452,0.6915322580645161,0.6792338709677419,1.75
hungarian,0.7619520748100526,0.8096434833430741,0.8232612507305669,0.8098188194038574,0.7382232612507306,0.8334307422559906,2.85
rabe_131,0.9199999999999999,0.8200000000000001,0.8,0.8400000000000001,0.7200000000000001,0.8200000000000001,0.81
mu284,0.27819548872180444,0.1019423558897243,0.16547619047619047,0.2006265664160401,0.10206766917293233,0.2533208020050125,5.08
rabe_148,0.9549450549450549,0.9395604395604396,0.9549450549450549,0.9549450549450549,0.9395604395604396,0.9406593406593406,0.6
colleges_aaup,0.7562194760988604,0.8200162794139411,0.7976098860441024,0.8277490010359626,0.7407651324552317,0.8044657392333876,9.28
analcatdata_negotiation,0.47894736842105257,0.4666666666666666,0.47719298245614034,0.5087719298245614,0.4222222222222222,0.4666666666666667,1.39
sleuth_case2002,0.27241379310344827,0.34781609195402297,0.2519540229885058,0.36068965517241375,0.22528735632183908,0.26574712643678167,1.93
visualizing_galaxy,0.027932692307692308,0.04326923076923077,0.04028846153846154,0.02783653846153846,0.0125,0.04341346153846154,12.15
arsenic-male-bladder,0.7567567567567568,0.8479568854568855,0.8408301158301159,0.8497586872586872,0.8263835263835263,0.8461711711711711,3.63
arsenic-female-bladder,0.7727477477477478,0.8550997425997424,0.8193371943371943,0.8533140283140283,0.8192728442728443,0.8461711711711711,3.37
arsenic-female-lung,0.6906048906048905,0.8032335907335908,0.7889478764478765,0.8014478764478763,0.7027348777348777,0.8086229086229085,3.76
arsenic-male-lung,0.6958976833976833,0.776399613899614,0.75492277992278,0.776399613899614,0.6797458172458172,0.7745978120978122,3.64
spectrometer,0.42195380003526717,0.43692470463763006,0.4595662140715923,0.4745194850996297,0.2581202609769,0.46333979897725264,16.41
braziltourism,0.6359976491331178,0.7669703203056126,0.7523655598001762,0.762062885689098,0.7013517484572436,0.6965324713488099,4.09
postoperative-patient-data,0.6333333333333334,0.7,0.6555555555555556,0.6888888888888889,0.6,0.6,1.06
zoo,0.9504761904761905,0.9404761904761905,0.940952380952381,0.9604761904761905,0.9504761904761905,0.9504761904761905,0.67
squash-stored,0.6309090909090909,0.6981818181818181,0.5981818181818181,0.5763636363636364,0.5727272727272728,0.6345454545454545,0.69
autos,0.7463414634146343,0.6829268292682927,0.6195121951219513,0.6878048780487804,0.5902439024390245,0.7853658536585366,1.62
squash-unstored,0.790909090909091,0.7690909090909092,0.7090909090909091,0.8290909090909091,0.790909090909091,0.8672727272727272,0.59
fl2000,0.7901098901098902,0.6857142857142856,0.7615384615384616,0.7890109890109891,0.8219780219780219,0.8813186813186812,1.29
anneal,0.992203600248293,0.9610428305400373,0.9387523277467411,0.9610490378646803,0.9376225946617007,0.9777405338299193,3.74
car,0.9762720951662898,0.9039306358381503,0.9415565049845019,0.6892167211192092,0.6510614057133284,0.9878411661221411,99.68
analcatdata_broadway,0.6526315789473685,0.7263157894736841,0.7473684210526315,0.7052631578947368,0.6421052631578947,0.6842105263157895,1.37
prnn_fglass,0.7335548172757476,0.6869324473975637,0.6678848283499447,0.663233665559247,0.5378737541528239,0.7008859357696566,1.91
analcatdata_bondrate,0.43787878787878787,0.5969696969696969,0.5803030303030303,0.5424242424242425,0.4075757575757576,0.543939393939394,0.84
audiology,0.7566183574879227,0.6993236714975846,0.5531400966183575,0.8007729468599033,0.787536231884058,0.7831884057971014,1.94
primary-tumor,0.38336259877085166,0.47484635645302903,0.4394644424934152,0.4276997366110623,0.39218612818261633,0.40996488147497806,3.97
glass,0.6544850498338871,0.6827242524916943,0.640531561461794,0.6034330011074197,0.5049833887043189,0.7434108527131784,1.96
lymph,0.7225287356321839,0.7970114942528737,0.7905747126436781,0.8310344827586207,0.783448275862069,0.8108045977011494,0.91
white-clover,0.6051282051282052,0.7012820512820513,0.6538461538461539,0.6346153846153846,0.573076923076923,0.6346153846153847,0.57
ecoli,0.7887620719929764,0.8721685689201053,0.8662423178226513,0.8721685689201053,0.8215539947322211,0.8453467954345918,3.29
flags,0.629284750337382,0.5518218623481781,0.5052631578947369,0.4587044534412955,0.40728744939271255,0.4798920377867747,1.33
soybean,0.9195684843280377,0.8931623014169171,0.8682481751824817,0.909274366680979,0.8814083297552597,0.9048733361957921,5.83
pc4,0.8683001459304241,0.9053570587958386,0.890272089629525,0.9122087275808501,0.8683142682295344,0.9163395000706116,12.44
pc3,0.8515400999426559,0.8982735315802408,0.8873863357090194,0.898269435569755,0.8604857868436143,0.8829114442532973,14.56
mc2,0.6768939393939395,0.7142045454545455,0.6708333333333333,0.7018939393939394,0.6388257575757577,0.7263257575757576,1.2
cm1_req,0.7411764705882353,0.7751633986928105,0.7522875816993464,0.7862745098039217,0.7529411764705882,0.7522875816993465,0.68
ar4,0.8142857142857143,0.8601731601731603,0.8692640692640694,0.8510822510822509,0.7848484848484848,0.8497835497835498,1.1
kc2,0.8180586080586082,0.8276007326007326,0.8352380952380953,0.8352930402930403,0.8065201465201465,0.8276190476190475,1.55
ar6,0.7919047619047619,0.8614285714285714,0.880952380952381,0.8719047619047618,0.7733333333333332,0.8423809523809525,1.04
kc3,0.89089823220258,0.9061395126612517,0.9104395604395604,0.9192307692307692,0.8843287147634975,0.9017677974199714,3.84
kc1-binary,0.6758620689655171,0.7724137931034483,0.7379310344827585,0.7655172413793103,0.7586206896551724,0.7586206896551724,1.13
pc1,0.9080143491908197,0.9323712853124618,0.9260527495821614,0.929656353185765,0.890893155599038,0.9242550242550243,8.7
mw1,0.8859876543209877,0.9230864197530864,0.9156172839506173,0.937962962962963,0.8882716049382717,0.9081790123456791,3.87
datatrieve,0.8538461538461538,0.9153846153846154,0.9153846153846154,0.9076923076923077,0.8692307692307694,0.8923076923076924,1.36
PopularKids,0.47065789473684205,0.535548245614035,0.5417324561403509,0.535548245614035,0.4436622807017544,0.4957456140350877,3.87
teachingAssistant,0.9137634408602151,0.4703225806451613,0.4501075268817204,0.4630107526881721,0.4961290322580645,0.4572043010752688,1.65
badges2,1.0,0.9932203389830508,0.986323787258913,1.0,1.0,1.0,0.77
pc1_req,0.675,0.69375,0.525,0.68125,0.584375,0.66875,1.84
lungcancer_GSE31210,0.7697584541062803,0.8761352657004832,0.884927536231884,0.853913043478261,0.8181642512077294,0.8717874396135266,1.09
KungChi3,0.8213333333333332,0.8699999999999999,0.8696666666666667,0.8779999999999999,0.8619999999999999,0.8373333333333333,0.76
MegaWatt1,0.8341176470588236,0.8974117647058824,0.8854901960784314,0.8894901960784314,0.8381176470588235,0.8894901960784314,0.63
PizzaCutter1,0.88049669628617,0.9258714969241284,0.9198108908635223,0.9213146502620188,0.8986443381180222,0.9318751424014582,4.3
PizzaCutter3,0.8360093853514906,0.8782342657342657,0.862881854987118,0.8734311740890689,0.8341277143908723,0.8666912035333088,10.78
CastMetal1,0.8043822843822845,0.8716083916083915,0.8411188811188811,0.8534731934731935,0.8072727272727273,0.8412587412587411,3.37
KnuggetChase3,0.7736842105263158,0.8041835357624831,0.7989203778677462,0.799055330634278,0.7939271255060729,0.80944669365722,1.54
MeanWhile1,0.8341176470588236,0.8974117647058824,0.8854901960784314,0.8894901960784314,0.8381176470588235,0.8894901960784314,0.63
MindCave2,0.64,0.712,0.696,0.68,0.6880000000000001,0.8,0.95
PieChart1,0.8822695035460992,0.9120567375886525,0.902127659574468,0.9078014184397164,0.8595744680851063,0.9134751773049645,4.76
PieChart2,0.963758389261745,0.978523489932886,0.978523489932886,0.9718120805369128,0.9704697986577182,0.9731543624161073,2.98
PieChart3,0.8505124892334195,0.8755813953488373,0.8598105081826013,0.878380706287683,0.8161541774332471,0.8607278208440998,11.54
acute-inflammations,1.0,1.0,1.0,1.0,1.0,1.0,0.49
banknote-authentication,0.9832329130723292,1.0,0.9978102189781021,0.9810510948905108,0.9846954213669541,1.0,1.74
blogger,0.79,0.7,0.74,0.64,0.5999999999999999,0.8200000000000001,1.02
blood-transfusion-service-center,0.7058523489932886,0.7740492170022372,0.7780939597315436,0.7727069351230426,0.6939239373601789,0.7994720357941836,0.83
breast-tissue,0.41428571428571426,0.4337662337662338,0.3956709956709956,0.3874458874458874,0.31212121212121213,0.377056277056277,1.23
climate-model-simulation-crashes,0.8796296296296295,0.9148148148148147,0.9055555555555556,0.9018518518518519,0.8777777777777779,0.9018518518518519,1.81
fertility,0.82,0.8800000000000001,0.8600000000000001,0.85,0.8099999999999999,0.86,0.83
hill-valley,0.5412304866850322,0.5090977111179131,0.5255688195082134,0.6955684794068633,0.5677549909873142,0.6410468319559228,4.97
ilpd,0.6432213380489242,0.7084143825523136,0.6654877689360448,0.715281461833186,0.691158267020336,0.7083701738874153,4.41
parkinsons,0.8615384615384615,0.8717948717948717,0.8871794871794872,0.8666666666666666,0.8102564102564103,0.9282051282051282,1.15
planning-relax,0.5441441441441441,0.7144144144144144,0.6099099099099099,0.7088588588588589,0.5493993993993994,0.5941441441441441,1.71
one-hundred-plants-margin,0.45125000000000004,0.8237500000000001,0.769375,0.820625,0.546875,0.8400000000000001,16.39
one-hundred-plants-shape,0.421875,0.48187499999999994,0.57375,0.63375,0.20375000000000001,0.701875,43.57
one-hundred-plants-texture,0.5134247648902821,0.8180172413793103,0.7848608934169279,0.8380289968652038,0.6535481974921631,0.8486579153605016,15.27
qsar-biodeg,0.8170616113744076,0.8739336492890996,0.8616113744075831,0.8701421800947868,0.8255924170616113,0.8796208530805687,9.01
qualitative-bankruptcy,0.9960000000000001,0.9960000000000001,0.9559999999999998,0.5599999999999999,0.532,0.984,1.07
sa-heart,0.5692847124824685,0.7035998129967276,0.6386863020102852,0.7210378681626928,0.6516362786348762,0.6969845722300141,3.63
seeds,0.8952380952380953,0.9238095238095237,0.9238095238095239,0.9285714285714285,0.9476190476190476,0.9476190476190476,1.34
seismic-bumps,0.8952380952380953,0.9238095238095237,0.9238095238095239,0.9285714285714285,0.9476190476190476,0.9476190476190476,1.29
steel-plates-fault,1.0,0.9974240055124163,0.9855749609095487,0.9989703972649935,0.9989703972649935,0.9994845360824742,2.26
thoracic-surgery,0.7829787234042553,0.851063829787234,0.8382978723404255,0.8297872340425532,0.7468085106382978,0.7851063829787234,3.73
user-knowledge,0.8860802469135802,0.8860493827160493,0.7841666666666666,0.890925925925926,0.6500925925925926,0.9182716049382715,3.56
wdbc,0.9104021114733737,0.9771619313771154,0.9630957925787922,0.9736686849868033,0.9508150908244062,0.9806862288464524,2.17
wholesale-customers,0.8795454545454545,0.909090909090909,0.9045454545454545,0.909090909090909,0.865909090909091,0.9181818181818183,3.06
robot-failures-lp1,0.7405228758169933,0.6366013071895426,0.5699346405228758,0.6594771241830066,0.6359477124183006,0.7169934640522875,1.41
robot-failures-lp4,0.8289855072463768,0.7442028985507246,0.6518115942028986,0.7271739130434781,0.6579710144927537,0.8134057971014492,1.19
robot-failures-lp5,0.5729166666666666,0.45681818181818185,0.49375,0.4871212121212121,0.4753787878787879,0.5662878787878788,1.68
vertebra-column,0.7806451612903226,0.832258064516129,0.7806451612903226,0.8516129032258064,0.8290322580645162,0.8129032258064516,2.27
autoUniv-au1-1000,0.649,0.7620000000000001,0.746,0.735,0.643,0.6990000000000001,5.91
autoUniv-au6-750,0.24266666666666667,0.236,0.1746666666666667,0.2,0.136,0.16,4.98
autoUniv-au6-400,0.31500000000000006,0.2875,0.2,0.21000000000000002,0.1675,0.21749999999999997,2.63
autoUniv-au7-1100,0.3236363636363636,0.3690909090909091,0.3127272727272727,0.3381818181818182,0.2545454545454545,0.3245454545454545,9.53
autoUniv-au7-700,0.5128571428571428,0.4314285714285714,0.37,0.4314285714285714,0.35571428571428576,0.41,5.91
autoUniv-au7-500,0.45200000000000007,0.42400000000000004,0.338,0.39,0.262,0.358,4.24
autoUniv-au6-1000,0.231,0.23399999999999999,0.176,0.16699999999999998,0.14,0.143,6.88
Smartphone-Based_Recognition_of_Human_Activities,0.9555555555555555,0.9277777777777777,0.888888888888889,0.9666666666666666,0.888888888888889,0.961111111111111,1.37
thoracic_surgery,0.7829787234042553,0.851063829787234,0.8382978723404255,0.8297872340425532,0.7468085106382978,0.7936170212765956,3.69
dresses-sales,0.52,0.6020000000000001,0.574,0.59,0.558,0.5519999999999998,162.09
breast-cancer-dropped-missing-attributes-values,0.614090909090909,0.7759090909090909,0.729025974025974,0.7472727272727273,0.6783766233766233,0.7113636363636363,1.96
LED-display-domain-7digit,0.702,0.716,0.7,0.73,0.658,0.698,3.51
GAMETES_Epistasis_2-Way_20atts_0.1H_EDM-1_1,0.525625,0.57875,0.538125,0.515625,0.495625,0.5612499999999999,14.22
GAMETES_Epistasis_2-Way_20atts_0.4H_EDM-1_1,0.579375,0.669375,0.6,0.5006250000000001,0.504375,0.680625,14.32
GAMETES_Epistasis_3-Way_20atts_0.2H_EDM-1_1,0.518125,0.52125,0.5393749999999999,0.5087500000000001,0.49812500000000004,0.53375,14.25
GAMETES_Heterogeneity_20atts_1600_Het_0.4_0.2_50_EDM-2_001,0.5493750000000001,0.6337499999999999,0.548125,0.476875,0.5043749999999999,0.6381249999999999,15.16
GAMETES_Heterogeneity_20atts_1600_Het_0.4_0.2_75_EDM-2_001,0.5487500000000001,0.663125,0.589375,0.49749999999999994,0.496875,0.6487499999999999,15.21
analcatdata_fraud,0.711111111111111,0.6666666666666666,0.7416666666666666,0.7083333333333333,0.5888888888888889,0.7305555555555555,0.69
calendarDOW,0.6039240506329114,0.5814873417721519,0.6040506329113924,0.5715506329113923,0.4813607594936709,0.6065189873417721,5.08
car-evaluation,0.9664321018681411,0.9693289771299322,0.8229153053531038,0.9259210856999246,0.8524352852475495,0.9965301164446678,4.26
corral,1.0,1.0,0.85,0.875,0.8625,1.0,0.84
mofn-3-7-10,1.0,1.0,0.8738650657518582,1.0,1.0,1.0,1.89
mux6,0.9692307692307693,0.952923076923077,0.7255384615384616,0.6166153846153846,0.6095384615384616,0.9692307692307693,0.99
thyroid-new,0.9488372093023255,0.9534883720930232,0.9441860465116279,0.9581395348837208,0.9441860465116279,0.9534883720930232,1.22
solar-flare,0.9534615384615386,0.9783653846153847,0.9783653846153847,0.9752884615384616,0.9351923076923077,0.9752884615384616,39.95
threeOf9,0.9883114410812869,0.9941366837997336,0.9374643061107937,0.8144298496097468,0.7481819912430991,0.9765657719398438,2.73
xd6,0.9969230769230769,1.0,0.9424530795664816,0.8139730372720063,0.7245307956648163,1.0,2.0
cars1,0.8113274910743264,0.7704965920155794,0.7551768906199285,0.7653034728984096,0.7372606296656931,0.8215189873417723,3.62
tokyo1,0.918684554973822,0.9270069808027923,0.931173647469459,0.9217931937172775,0.897823952879581,0.9082406195462479,10.58
parity5_plus_5,0.6335357142857143,0.2953650793650794,0.3025714285714286,0.42793253968253975,0.5026626984126985,1.0,4.58
cleve,0.7424590163934427,0.8150819672131148,0.8214754098360656,0.7917486338797814,0.7158469945355191,0.7918579234972677,2.73
cleveland-nominal,0.534863387978142,0.560983606557377,0.5645901639344262,0.5971038251366121,0.5477595628415302,0.5545901639344262,3.17
parity5,0.02857142857142857,0.08571428571428572,0.0,0.15238095238095237,0.5,0.21904761904761902,0.88
Titanic,0.955684244391799,0.9396361615629845,0.9029715422187126,0.9495744494165133,0.9312362902518206,0.9587259805211896,7.32
MiceProtein,1.0,0.9981481481481481,0.9879629629629629,1.0,0.999074074074074,0.999074074074074,176.51
DiabeticMellitus,0.9821428571428571,0.8148496240601503,0.718734335839599,0.9394736842105263,0.9322055137844611,0.8575187969924812,1.89
conference_attendance,0.748326530612245,0.8740408163265305,0.8661224489795918,0.8740408163265305,0.8008163265306123,0.8173061224489796,1.91
CPMP-2015-classification,0.4895956873315364,0.5673674752920036,0.5200359389038633,0.5522192273135669,0.45910152740341414,0.5104222821203953,5.11
CPMP-2015-runtime-classification,0.43070979335130277,0.559748427672956,0.5028930817610062,0.5484276729559748,0.461078167115903,0.5028032345013477,5.29
ilpd-numeric,0.6432213380489242,0.7084143825523136,0.6654877689360448,0.715281461833186,0.691158267020336,0.7083701738874153,4.71
TuningSVMs,0.6475806451612903,0.6796370967741935,0.6284274193548387,0.6411290322580645,0.603024193548387,0.6284274193548387,1.41
regime_alimentaire,0.915609756097561,0.896219512195122,0.881219512195122,0.940609756097561,0.9407317073170731,0.9208536585365852,0.94
Touch2,0.6641509433962264,0.7622641509433963,0.7056603773584905,0.7358490566037735,0.5773584905660376,0.8037735849056606,2.75
penguins,0.9738704177323104,0.9913043478260869,0.9942028985507246,0.9913043478260869,0.9884057971014493,0.9884057971014493,0.98
titanic,0.955684244391799,0.9396361615629845,0.9029715422187126,0.9495744494165133,0.9312362902518206,0.9587259805211896,6.95
ricci_vs_destefano,1.0,0.9315217391304348,0.8471014492753624,0.9742753623188406,0.9829710144927537,0.9829710144927537,0.82
students_scores,0.818,0.8789999999999999,0.769,0.892,0.851,0.8789999999999999,6.89
1StudentPerfromance,0.818,0.8789999999999999,0.769,0.892,0.851,0.8789999999999999,6.92
Loan-Predication,0.6954818072770892,0.8029588164734107,0.7850726376116219,0.8045981607357058,0.7150739704118353,0.7525256564041051,5.14
Zombies-Apocalypse,0.685,0.8350000000000002,0.8150000000000001,0.85,0.82,0.8099999999999999,1.26
ibm-employee-attrition,0.7829931972789115,0.8598639455782313,0.8414965986394558,0.8680272108843538,0.8034013605442178,0.8482993197278912,7.54
ibm-employee-performance,1.0,0.9666666666666666,0.8891156462585034,0.9925170068027211,0.9789115646258504,0.9707482993197278,3.83
car_evaluation,0.9762720951662898,0.9039306358381503,0.9415565049845019,0.6892167211192092,0.6510614057133284,0.9878411661221411,8.02
Heart_disease_prediction_20,0.7363276836158191,0.8277966101694915,0.8244067796610169,0.8344067796610168,0.7602824858757062,0.8108474576271186,2.58
qsar,0.7962085308056872,0.875829383886256,0.8530805687203792,0.8578199052132701,0.8407582938388625,0.872037914691943,11.83
Tour-and-Travels-Customer-Churn-Prediction,0.8962193441719482,0.8207384954532928,0.8574152659134748,0.7924607329842932,0.7516009920088178,0.861620281069165,6.92
MIC,0.8198968407479045,0.8641632126738511,0.8544644008473796,0.8702293451229621,0.8435460992907802,0.876901538178134,7.67
doa_bwin_balanced,0.6469483568075118,0.6327439816202176,0.6355808610528418,0.6200279692338428,0.5423334332234543,0.6934771751073819,5.54
bwin_amlb,0.5867924528301887,0.6773584905660377,0.6094339622641509,0.6622641509433962,0.5415094339622641,0.6320754716981132,3.81
German-Credit-Risk-with-Target,0.6759999999999999,0.748,0.708,0.728,0.692,0.728,6.96
Flare,0.7288798209819666,0.7429774911149137,0.7007415207757448,0.7626563117019877,0.6454082751963494,0.7391996840858234,7.18
mabbob_ela_as_2d_classify,0.4714285714285714,0.5964285714285714,0.5428571428571429,0.5767857142857143,0.46517857142857144,0.5482142857142857,13.69
mabbob_ela_as_5d_classify,0.6008928571428571,0.6696428571428572,0.6339285714285714,0.6821428571428572,0.5625,0.6285714285714286,12.73
algerian_forest_fires,0.9713435374149662,0.9425170068027212,0.9217687074829932,0.9590986394557823,0.9424319727891156,0.9343537414965987,1.1
hayes-roth_clean,0.79375,0.775,0.5,0.525,0.49375,0.725,1.36
Credit_Approval_Classification,0.6709999999999999,0.7329999999999999,0.72,0.728,0.6779999999999999,0.7299999999999999,6.14
company_quality_and_valuation_finance,0.8039627039627041,0.4645687645687646,0.4269910644910645,0.439461926961927,0.29346348096348096,0.5202214452214452,5.99
Creditability-German-Credit-Data,0.683,0.754,0.7340000000000001,0.7590000000000001,0.6529999999999999,0.7140000000000001,6.27
German-Credit-Data-Creditability,0.658,0.7689999999999999,0.704,0.753,0.6839999999999999,0.7300000000000001,3.84
Credit-Risk-Classification-Dataset,0.6888888888888889,0.8,0.7813333333333333,0.7937777777777777,0.6862222222222222,0.7093333333333334,12.2
German-Credit-Data-Creditability-2,0.683,0.754,0.7340000000000001,0.7590000000000001,0.6529999999999999,0.7140000000000001,6.25
total_score,0.6953865578865578,0.6077797202797203,0.605011655011655,0.6049922299922301,0.5410547785547786,0.6439588189588189,5.71
dataset_credit-g,0.6970000000000001,0.7390000000000001,0.718,0.714,0.583,0.7329999999999999,6.17
dataset_credit-approval,0.7985507246376812,0.8608695652173914,0.8594202898550725,0.8594202898550725,0.7971014492753623,0.8376811594202899,5.32
dataset_analcatdata_creditscore,0.97,0.79,0.8,0.8299999999999998,0.8200000000000001,0.8700000000000001,1.11
German-Credit-Data-Creditability-Preprocessed-Dataset,0.687,0.764,0.696,0.756,0.679,0.7269999999999999,6.29
Student_Performance_on_an_Entrance_Examination,0.4624284592077208,0.5059813713387947,0.49698125911794405,0.5059925934238583,0.4879587027269666,0.4969027045225003,5.44
heart-statlog-uci,0.7222222222222221,0.8296296296296297,0.8037037037037036,0.837037037037037,0.8222222222222222,0.8037037037037038,2.26
Thoracic_Surgery_Data,0.7829787234042553,0.851063829787234,0.8382978723404255,0.8297872340425532,0.7468085106382978,0.7936170212765956,3.72
maternal_health_risk,0.8471735843535093,0.7001902160659416,0.6853826269326441,0.6173389260108277,0.5167536458079305,0.6893479003072722,3.72
Cirrhosis_Patient_Survival_Prediction,0.6364027538726333,0.7318703384968446,0.6578886976477338,0.7032128514056224,0.6960126219162365,0.6911646586345381,3.79
Predicting_Risk_Factors_of_Chronic_Kidney_Disease,1.0,1.0,0.975,1.0,0.9949999999999999,1.0,0.64
differentiated_thyroid_cancer_recurrence,0.9138414217361586,0.931989063568011,0.9189678742310321,0.9138072453861927,0.8694463431305536,0.8903280929596719,2.08
mice,1.0,0.9990867579908675,0.9908675799086758,1.0,0.9981735159817351,1.0,2.6
imdb_genre_prediction,0.63875,0.735,0.6775,0.7337499999999999,0.66875,0.7074999999999999,6.37
OSMI_Mental_Health_in_Tech_Survey,0.4473087887722034,0.5129017324139276,0.43193391973879774,0.517087790258522,0.4501059915694062,0.4403157817791964,9.03
diabetes_risk_prediction_dataset,0.9673076923076922,0.9730769230769232,0.9134615384615385,0.9288461538461539,0.8826923076923077,0.9711538461538461,1.8
Dataset-Mental-Disorders,0.7166666666666666,0.8083333333333332,0.725,0.7916666666666667,0.8,0.775,0.74
PostPartum_Depression,0.986704318936877,0.9241683277962347,0.8935658914728682,0.7152535991140642,0.5868084163898117,0.9208438538205981,5.01
QSAR_Bioconcentration_classification,0.5956575682382134,0.6829032258064516,0.6521174524400332,0.6661952026468156,0.5519272125723738,0.6520760959470637,6.67
glioma_grading_clinical_and_mutation_features,0.8104647847162816,0.8664741944682064,0.8283290561733676,0.870045623039635,0.8200242372398062,0.8414741944682064,4.79
hepatitis_c_virus_hcv_for_egyptian_patients,0.2490974729241877,0.2592057761732852,0.251985559566787,0.24620938628158848,0.244043321299639,0.25776173285198556,13.73
bone_marrow_transplant_children,0.9038406827880511,0.8664295874822191,0.6948790896159318,0.9310099573257468,0.9093883357041251,0.8560455192034141,1.18
divorce_prediction,0.9470588235294117,0.9764705882352942,0.9764705882352942,0.9823529411764707,0.9823529411764707,0.9764705882352942,0.8
depression_2020,0.7102858544963808,0.8334511102932156,0.8173549257759785,0.8334511102932156,0.716589375536744,0.7487768371978899,11.54
mental_health_detection,0.2925925925925926,0.4,0.337037037037037,0.3148148148148148,0.23703703703703702,0.4111111111111111,2.81
Fitness_Club,0.7,0.7746666666666666,0.7586666666666667,0.7773333333333333,0.7113333333333334,0.7673333333333334,9.66
Is-this-a-good-customer,0.8015015166835188,0.8862453656892484,0.8694017526120661,0.8856656555443209,0.8049460734748906,0.8496764408493428,12.38
website_phishing,0.8728850621839552,0.8610714773814404,0.8551455514555146,0.8218860188601885,0.7864179308459752,0.8876780101134344,9.66
Accidents_Prediction_Dataset,0.7380000000000001,0.874,0.852,0.874,0.77,0.836,3.68
Accidents_Prediction_Dataset_Pipeline,0.7380000000000001,0.874,0.852,0.874,0.77,0.836,3.68
Accidents_Prediction_Balanced_v3,0.7380000000000001,0.874,0.852,0.874,0.77,0.836,3.56
CanadaFiresD,0.9322641467082668,0.9637718569729075,0.9584094633117101,0.9235370698749747,0.8853471302552132,0.9664698884424592,7.08
